Workbook
Name AuthorValidation: OFFSET(#REF!,0,0,COUNTA(#REF!),1)
Name DesignStatusValidation: OFFSET(#REF!,0,0,COUNTA(#REF!),1)
Name ISAValidation: OFFSET(#REF!,0,0,COUNTA(#REF!),1)
Name PosNegValidation: OFFSET(#REF!,0,0,COUNTA(#REF!),1)
Name PriorityValidation: OFFSET(#REF!,0,0,COUNTA(#REF!),1)
Name RiskAreaValidation: OFFSET(#REF!,0,0,COUNTA(#REF!),1)
Name TestLevelValidation: OFFSET(#REF!,0,0,COUNTA(#REF!),1)

Sheet Test List

Sheet Dubbi

Sheet Design
A1: Path Test Set | B1: Test case ID | C1: Nome Test | D1: Descrizione Test | E1: Livello di Test | F1: Area di Rischio | G1: Istanza Servizio Tecnologico | H1: Istanza Servizio Applicativo | I1: Sistema | J1: Application | K1: Positivo/Negativo | L1: Precondizione | M1: Id Step | N1: Descrizione Step | O1: Risultato Atteso | P1: Post Condizione | Q1: Priorità | R1: Stato progettazione | S1: Data Creazione | T1: Autore | U1: Modalità di Test | V1: Flag Regression Test | W1: Dipendenza tra Test case
A2: PRO240081\TestTecnici\ModernizzazionePortali\RiskEdq\ControlliSecondoLivello\TemplatesV1Controller | B2: TC0001 | C2: GET_TemplateNote | D2: Lanciando la chiamata GET /v1/riskaudit/{abi}/templates/{template}/note si ottiene 200 OK con response body TemplateDTO | E2: Integration | F2: Tecnico | H2: F2 | CCB – Template | K2: Positivo | M2: {=_xlfn.LET( _xlpm.CurrentStep_Title, INDIRECT("C"&(ROW())), _xlpm.PrecStep_Title, INDIRECT("C"&(ROW()-1)), _xlpm.PrecStep_Value, INDIRECT("M"&(ROW()-1)), IF(_xlpm.CurrentStep_Title <> _xlpm.PrecStep_Title, 1, _xlpm.PrecStep_Value+1) )} -> 1 | N2: Lanciare la chiamata GET /v1/riskaudit/{abi}/templates/{template}/note | O2: STATUS: 200 OK RESPONSE BODY: TemplateDTO { "id": "string", "note": "string" } | S2: 46141 | T2: Coratti Giorgia
A3: PRO240081\TestTecnici\ModernizzazionePortali\RiskEdq\ControlliSecondoLivello\TemplatesV1Controller | B3: TC0002 | C3: PUT_TemplateNote | D3: Lanciando la chiamata PUT /v1/riskaudit/{abi}/templates/{template}/note con request body NoteCreateDTO si ottiene 200 OK con response body GenericResponse | E3: Integration | F3: Tecnico | H3: F2 | CCB – Template | K3: Positivo | M3: 1 | N3: Lanciare la chiamata PUT /v1/riskaudit/{abi}/templates/{template}/note con request body NoteCreateDTO { "value": "string" } | O3: STATUS: 200 OK RESPONSE BODY: GenericResponse { "id": 0 } | S3: 46141 | T3: Coratti Giorgia
A4: PRO240081\TestTecnici\ModernizzazionePortali\RiskEdq\ControlliSecondoLivello\TemplatesV1Controller | B4: TC0003 | C4: POST_TemplateExport | D4: Lanciando la chiamata POST /v1/riskaudit/{abi}/templates/{template}/export con request body SearchParameters, si ottiene 200 OK con response body una stringa | E4: Integration | F4: Tecnico | H4: F2 | CCB – Template | K4: Positivo | M4: 1 | N4: Lanciare la chiamata POST /v1/riskaudit/{abi}/templates/{template}/export con request body SearchParameters { "skip": 0, "sort": [ { "field": "string", "dir": "asc", "ignoreCase": true } ], "take": 0, "filter": { "logic": "and", "filters": [ { "field": "string", "ignoreCase": true, "operator": "eq", "value": {}, "boolean": true, "date": true, "localDate": true, "timestamp": true, "isoDate": true } ] } } | O4: STATUS: 200 OK RESPONSE BODY: una stringa | S4: 46141 | T4: Coratti Giorgia
A5: PRO240081\TestTecnici\ModernizzazionePortali\RiskEdq\ControlliSecondoLivello\TemplatesV1Controller | B5: TC0004 | C5: POST_TradedInstrumentsSearch | D5: Lanciando la chiamata POST /v1/riskaudit/{abi}/templates/templateC/traded-instruments/search con parametro di query non obbligatorio e request body SearchParameters, si ottiene 200 OK con response body ListResultTemplateCTradedInstrumentsSearchDTO | E5: Integration | F5: Tecnico | H5: F2 | CCB – Template | K5: Positivo | M5: 1 | N5: Lanciare la chiamata POST /v1/riskaudit/{abi}/templates/templateC/traded-instruments/search con parametro di query non obbligatorio { "summaryId": str } e request body SearchParameters{ "skip": 0, "sort": [ { "field": "string", "dir": "asc", "ignoreCase": true } ], "take": 0, "filter": { "logic": "and", "filters": [ { "field": "string", "ignoreCase": true, "operator": "eq", "value": {}, "boolean": true, "date": true, "localDate": true, "timestamp": true, "isoDate": true } ] } } | O5: STATUS: 200 OK RESPONSE BODY: ListResultTemplateCTradedInstrumentsSearchDTO { "data": [ { "operationDate": "2026-04-29T13:51:23.201Z", "isin": "string", "security": "string", "direction": "string", "amountEuros": "string", "intermediary": "string" } ], "total": 0 } | S5: 46141 | T5: Coratti Giorgia
A6: PRO240081\TestTecnici\ModernizzazionePortali\RiskEdq\ControlliSecondoLivello\TemplatesV1Controller | B6: TC0005 | C6: POST_HeldInstrumentsSearch | D6: Lanciando la chiamata POST /v1/riskaudit/{abi}/templates/templateC/held-instruments/search con parametro di query non obbligatorio e request body SearchParameters, si ottiene 200 OK con response body ListResultTemplateCHeldInstrumentsSearchDTO | E6: Integration | F6: Tecnico | H6: F2 | CCB – Template | K6: Positivo | M6: 1 | N6: Lanciare la chiamata POST /v1/riskaudit/{abi}/templates/templateC/held-instruments/search con parametro di query non obbligatorio { "summaryId": str } e request body SearchParameters{ "skip": 0, "sort": [ { "field": "string", "dir": "asc", "ignoreCase": true } ], "take": 0, "filter": { "logic": "and", "filters": [ { "field": "string", "ignoreCase": true, "operator": "eq", "value": {}, "boolean": true, "date": true, "localDate": true, "timestamp": true, "isoDate": true } ] } } | O6: STATUS: 200 OK RESPONSE BODY: ListResultTemplateCHeldInstrumentsSearchDTO { "data": [ { "balanceDate": "2026-04-29T13:53:25.692Z", "isin": "string", "security": "string", "amountEuros": 0, "depositary": "string" } ], "total": 0 } | S6: 46141 | T6: Coratti Giorgia
A7: PRO240081\TestTecnici\ModernizzazionePortali\RiskEdq\ControlliSecondoLivello\TemplatesV1Controller | B7: TC0006 | C7: POST_TemplateBSearch | D7: Lanciando la chiamata POST /v1/riskaudit/{abi}/templates/templateB/search con parametro di query non obbligatorio e request body SearchParameters, si ottiene 200 OK con response body ListResultTemplateBSearchDTO | E7: Integration | F7: Tecnico | H7: F2 | CCB – Template | K7: Positivo | M7: 1 | N7: Lanciare la chiamata POST /v1/riskaudit/{abi}/templates/templateB/search con parametro di query non obbligatorio { "summaryId": str } e request body SearchParameters{ "skip": 0, "sort": [ { "field": "string", "dir": "asc", "ignoreCase": true } ], "take": 0, "filter": { "logic": "and", "filters": [ { "field": "string", "ignoreCase": true, "operator": "eq", "value": {}, "boolean": true, "date": true, "localDate": true, "timestamp": true, "isoDate": true } ] } } | S7: 46141 | T7: Coratti Giorgia
A8: PRO240081\TestTecnici\ModernizzazionePortali\RiskEdq\ControlliSecondoLivello\TemplatesV1Controller | B8: TC0007 | C8: POST_TemplateASearch | D8: Lanciando la chiamata POST /v1/riskaudit/{abi}/templates/templateA/search con parametro di query non obbligatorio e request body SearchParameters, si ottiene 200 OK con response body ListResultTemplateASearchDTO | E8: Integration | F8: Tecnico | H8: F2 | CCB – Template | K8: Positivo | M8: 1 | N8: Lanciare la chiamata POST /v1/riskaudit/{abi}/templates/templateA/search con parametro di query non obbligatorio { "summaryId": str } e request body SearchParameters { "skip": 0, "sort": [ { "field": "string", "dir": "asc", "ignoreCase": true } ], "take": 0, "filter": { "logic": "and", "filters": [ { "field": "string", "ignoreCase": true, "operator": "eq", "value": {}, "boolean": true, "date": true, "localDate": true, "timestamp": true, "isoDate": true } ] } } | O8: STATUS: 200 OK RESPONSE BODY: ListResultTemplateASearchDTO { "data": [ { "id": 0, "date": "2026-04-29T13:56:49.213Z", "isin": "string", "description": "string", "nozionale": "string", "ptf_htc": 0, "getaCase": "string", "frequency": { "limit": 0, "value": 0 }, "significance": { "limit": 0, "value": 0 }, "sell_percentage": 0 } ], "total": 0 } | S8: 46142 | T8: Coratti Giorgia
A9: PRO240081\TestTecnici\ModernizzazionePortali\RiskEdq\ControlliSecondoLivello\TemplatesV1Controller | B9: TC0008 | C9: GET_TemplateBWaivers | D9: Lanciando la chiamata GET /v1/riskaudit/{abi}/templates/templateB/waivers con parametro di query non obbligatorio, si ottiene 200 OK con response body un array di stringhe | E9: Integration | F9: Tecnico | H9: F2 | CCB – Template | K9: Positivo | M9: 1 | N9: Lanciare la chiamata GET /v1/riskaudit/{abi}/templates/templateB/waivers con parametro di query non obbligatorio { "summaryid": str } | O9: STATUS: 200 OK RESPONSE BODY: un array di stringhe | S9: 46142 | T9: Coratti Giorgia
A10: PRO240081\TestTecnici\ModernizzazionePortali\RiskEdq\ControlliSecondoLivello\SummariesV1Controller | B10: TC0009 | C10: PUT_SummaryAnswers | D10: Lanciando la chiamata PUT /v1/riskaudit/summaries/{summaryId}/answers con query parameters non obbligatorio, header e request body SummaryUpdateDTO, si ottiene 200 OK con response body SummaryUpdateDTO | E10: Integration | F10: Tecnico | H10: F2 | CCB – Template | K10: Positivo | M10: 1 | N10: Lanciare la chiamata PUT /v1/riskaudit/summaries/{summaryId}/answers con query parameters non obbligatorio { "sectionId": int }, header X-Client-Addr: str e request body SummaryUpdateDTO { "answers": [ { "answerId": 0, "questionId": 0, "modifiedTms": "2026-04-30T07:22:46.238Z", "modifiedBy": "string" } ] } | O10: STATUS: 200 OK RESPONSE BODY: SummaryUpdateDTO { "answers": [ { "answerId": 0, "questionId": 0, "modifiedTms": "2026-04-30T07:22:46.241Z", "modifiedBy": "string" } ] } | S10: 46142 | T10: Coratti Giorgia
A11: PRO240081\TestTecnici\ModernizzazionePortali\RiskEdq\ControlliSecondoLivello\SummariesV1Controller | B11: TC0010 | C11: PUT_SubSectionQuestions | D11: Lanciando la chiamata PUT /v1/riskaudit/summaries/{subSectionId}/questions con request body SubSectionQuestionsUpdateDTO, si ottiene 200 OK con response body GenericResponse | E11: Integration | F11: Tecnico | H11: F2 | CCB – Template | K11: Positivo | M11: 1 | N11: Lanciare la chiamata PUT /v1/riskaudit/summaries/{subSectionId}/questions con request body SubSectionQuestionsUpdateDTO { "questions": [ { "id": 0, "position": 0 } ] } | O11: STATUS: 200 OK RESPONSE BODY: GenericResponse { "id": 0 } | S11: 46142 | T11: Coratti Giorgia
A12: PRO240081\TestTecnici\ModernizzazionePortali\RiskEdq\ControlliSecondoLivello\SummariesV1Controller | B12: TC0011 | C12: PUT_SubSectionAnswers | D12: Lanciando la chiamata PUT /v1/riskaudit/summaries/{subSectionId}/answers/{questionId} con request body SubSectionAnswerUpdateDTO, si ottiene 200 OK con response body GenericResponse | E12: Integration | F12: Tecnico | H12: F2 | CCB – Template | K12: Positivo | M12: 1 | N12: Lanciare la chiamata PUT /v1/riskaudit/summaries/{subSectionId}/answers/{questionId} con request body SubSectionAnswerUpdateDTO { "answers": [ { "id": 0, "position": 0, "regScore": 0, "virScore": 0 } ] } | O12: STATUS: 200 OK RESPONSE BODY: GenericResponse { "id": 0 } | S12: 46142 | T12: Coratti Giorgia
A13: PRO240081\TestTecnici\ModernizzazionePortali\RiskEdq\ControlliSecondoLivello\SummariesV1Controller | B13: TC0012 | C13: PUT_SummariesNote | D13: Lanciando la chiamata PUT /v1/riskaudit/summaries/{id}/note con parametro di query obbligatorio e request body NoteUpdateDTO, si ottiene 200 OK con response body GenericResponse | E13: Integration | F13: Tecnico | H13: F2 | CCB – Template | K13: Positivo | M13: 1 | N13: Lanciare la chiamata PUT /v1/riskaudit/summaries/{id}/note con parametro di query obbligatorio { "isCCB": bool } e request body NoteUpdateDTO { "value": "string" } | O13: STATUS: 200 OK RESPONSE BODY: GenericResponse { "id": 0 } | S13: 46142 | T13: Coratti Giorgia
A14: PRO240081\TestTecnici\ModernizzazionePortali\RiskEdq\ControlliSecondoLivello\SummariesV1Controller | B14: TC0013 | C14: PUT_SummariesState | D14: Lanciando la chiamata PUT /v1/riskaudit/summaries/state con query parameter non obbligatorio, header e request body StateUpdateDTO, si ottiene 200 OK con response body GenericResponse | E14: Integration | F14: Tecnico | H14: F2 | CCB – Template | K14: Positivo | M14: 1 | N14: Lanciare la chiamata PUT /v1/riskaudit/summaries/state con query parameter non obbligatorio { "idSintesi": str }, header X-Clinet-Addr: str e request body StateUpdateDTO { "value": "string" } | O14: STATUS: 200 OK RESPONSE BODY: GenericResponse { "id": 0 } | S14: 46142 | T14: Coratti Giorgia
A15: PRO240081\TestTecnici\ModernizzazionePortali\RiskEdq\ControlliSecondoLivello\SummariesV1Controller | B15: TC0014 | C15: POST_Summaries | D15: Lanciando la chiamata POST /v1/riskaudit/summaries con header, si ottiene 200 OK con response body SummariesCreateDTO | E15: Integration | F15: Tecnico | H15: F2 | CCB – Template | K15: Positivo | M15: 1 | N15: Lanciare la chiamata POST /v1/riskaudit/summaries con header X-Client-Addr: str | O15: STATUS: 200 OK RESPONSE BODY: SummariesCreateDTO { "message": "string", "referenceDate": "string", "createdCount": 0, "createdIds": [ "string" ] } | S15: 46142 | T15: Coratti Giorgia
A16: PRO240081\TestTecnici\ModernizzazionePortali\RiskEdq\ControlliSecondoLivello\SummariesV1Controller | B16: TC0015 | C16: POST_SummariesSearch | D16: Lanciando la chiamata POST /v1/riskaudit/summaries/search con parametro di query obbligatorio e request body SearchParameters, si ottiene 200 OK con response body ListResultSummariesSearchDTO | E16: Integration | F16: Tecnico | H16: F2 | CCB – Template | K16: Positivo | M16: 1 | N16: Lanciare la chiamata POST /v1/riskaudit/summaries/search con parametro di query obbligatorio { "historical": bool } e request body SearchParameters { "skip": 0, "sort": [ { "field": "string", "dir": "asc", "ignoreCase": true } ], "take": 0, "filter": { "logic": "and", "filters": [ { "field": "string", "ignoreCase": true, "operator": "eq", "value": {}, "date": true, "boolean": true, "timestamp": true, "localDate": true, "isoDate": true } ] } } | O16: STATUS: 200 OK RESPONSE BODY: ListResultSummariesSearchDTO { "data": [ { "id": "string", "legalEntity": { "abi": "string", "name": "string" }, "quarterDate": "2026-04-30T07:39:05.132Z", "result": "string", "state": "TO_FILL" } ], "total": 0 } | S16: 46142 | T16: Coratti Giorgia
A17: PRO240081\TestTecnici\ModernizzazionePortali\RiskEdq\ControlliSecondoLivello\SummariesV1Controller | B17: TC0016 | C17: POST_SummariesPublish | D17: Lanciando la chiamata POST /v1/riskaudit/summaries/publish si ottiene 200 OK | E17: Integration | F17: Tecnico | H17: F2 | CCB – Template | K17: Positivo | M17: 1 | N17: Lanciare la chiamata POST /v1/riskaudit/summaries/publish | O17: STATUS: 200 OK | S17: 46142 | T17: Coratti Giorgia
A18: PRO240081\TestTecnici\ModernizzazionePortali\RiskEdq\ControlliSecondoLivello\SummariesV1Controller | B18: TC0017 | C18: POST_SummariesExport | D18: Lanciando la chiamata POST /v1/riskaudit/summaries/export con parametro di query obbligatorio e request body SearchParameters, si ottiene 200 OK con response body un application/octet-stream | E18: Integration | F18: Tecnico | H18: F2 | CCB – Template | K18: Positivo | M18: 1 | N18: Lanciare la chiamata POST /v1/riskaudit/summaries/export con parametro di query obbligatorio { "historical": bool } e request body SearchParameters { "skip": 0, "sort": [ { "field": "string", "dir": "asc", "ignoreCase": true } ], "take": 0, "filter": { "logic": "and", "filters": [ { "field": "string", "ignoreCase": true, "operator": "eq", "value": {}, "date": true, "boolean": true, "timestamp": true, "localDate": true, "isoDate": true } ] } } | O18: STATUS: 200 OK | S18: 46142 | T18: Coratti Giorgia
A19: PRO240081\TestTecnici\ModernizzazionePortali\RiskEdq\ControlliSecondoLivello\SummariesV1Controller | B19: TC0018 | C19: GET_SummariesId | D19: Lanciando la chiamata GET /v1/riskaudit/summaries/{id} si ottiene 200 OK con response body SummaryDTO | E19: Integration | F19: Tecnico | H19: F2 | CCB – Template | K19: Positivo | M19: 1 | N19: Lanciare la chiamata GET /v1/riskaudit/summaries/{id} | O19: STATUS: 200 OK RESPONSE BODY: SummaryDTO { "id": "string", "legalEntity": { "abi": "string", "name": "string" }, "state": "TO_FILL", "result": "string", "modifiedBy": "string", "modifiedTms": "2026-04-30T08:01:32.873Z", "sections": [ { "id": 0, "name": "string", "subsections": [ { "id": 0, "name": "string", "questions": [ { "id": 0, "name": "string", "answer": { "id": 0, "name": "string", "note": "string", "modifiedBy": "string", "modifiedTms": "2026-04-30T08:01:32.873Z" }, "position": 0, "prefilled": true } ] } ] } ], "ccbNote": "string", "bankNote": "string", "quarterDate": "2026-04-30T08:01:32.873Z", "historical": true } | S19: 46142 | T19: Coratti Giorgia
... A33: PRO240081\TestTecnici\ModernizzazionePortali\RiskEdq\ControlliSecondoLivello\LegalEntitiesV1Controller | B33: TC0032 | C33: POST_LegalEntitiesSearch | D33: Lanciando la chiamata POST /v1/riskaudit/legalEntities/search con request body SearchParameters, si ottiene 200 OK con response body ListResultLegalEntityDTO | E33: Integration | F33: Tecnico | H33: F2 | CCB – Template | K33: Positivo | M33: 1 | N33: Lanciare la chiamata POST /v1/riskaudit/legalEntities/search con request body SearchParameters { "skip": 0, "sort": [ { "field": "string", "dir": "asc", "ignoreCase": true } ], "take": 0, "filter": { "logic": "and", "filters": [ { "field": "string", "ignoreCase": true, "operator": "eq", "value": {}, "boolean": true, "date": true, "localDate": true, "timestamp": true, "isoDate": true } ] } } | O33: STATUS: 200 OK RESPONSE BODY: ListResultLegalEntityDTO { "data": [ { "abi": "string", "name": "string" } ], "total": 0 } | S33: 46140 | T33: Coratti Giorgia

Sheet Funzionalità
A1: Path Test Set | B1: Istanza Servizio Tecnologico | C1: Istanza Servizio Applicativo | D1: Descrizione Funzionalità | E1: Categoria | F1: Applicazione | G1: Area di Rischio | H1: Livello di Test | I1: Autore | J1: Priorità | K1: Stato revisione | L1: Info aggiuntive | M1: ID TEST
A2: {=_xlfn._xlws.FILTER(Design!A:A,Design!M:M=1)} -> PRO240081\TestTecnici\ModernizzazionePortali\RiskEdq\ControlliSecondoLivello\TemplatesV1Controller | B2: {=_xlfn._xlws.FILTER(Design!G:G,Design!M:M=1)} -> 0 | C2: {=_xlfn._xlws.FILTER(Design!#REF!,Design!M:M=1)} -> #REF! | D2: {=_xlfn._xlws.FILTER(Design!D:D,Design!M:M=1)} -> Lanciando la chiamata GET /v1/riskaudit/{abi}/templates/{template}/note si ottiene 200 OK con response body TemplateDTO | E2: {=_xlfn._xlws.FILTER(Design!F:F,Design!M:M=1)} -> Tecnico | F2: {=_xlfn._xlws.FILTER(Design!J:J,Design!M:M=1)} -> 0 | G2: {=_xlfn._xlws.FILTER(Design!F:F,Design!M:M=1)} -> Tecnico | H2: {=_xlfn._xlws.FILTER(Design!E:E,Design!M:M=1)} -> Integration | I2: {=_xlfn._xlws.FILTER(Design!T:T,Design!M:M=1)} -> Coratti Giorgia | J2: {=_xlfn._xlws.FILTER(Design!Q:Q,Design!M:M=1)} -> 0 | K2: {=_xlfn._xlws.FILTER(Design!R:R,Design!M:M=1)} -> 0 | L2: {=_xlfn._xlws.FILTER(Design!#REF!,Design!M:M=1)} -> #REF! | M2: {=_xlfn._xlws.FILTER(Design!B:B,Design!M:M=1)} -> TC0001
A3: PRO240081\TestTecnici\ModernizzazionePortali\RiskEdq\ControlliSecondoLivello\TemplatesV1Controller | B3: 0 | D3: Lanciando la chiamata PUT /v1/riskaudit/{abi}/templates/{template}/note con request body NoteCreateDTO si ottiene 200 OK con response body GenericResponse | E3: Tecnico | F3: 0 | G3: Tecnico | H3: Integration | I3: Coratti Giorgia | J3: 0 | K3: 0 | M3: TC0002
A4: PRO240081\TestTecnici\ModernizzazionePortali\RiskEdq\ControlliSecondoLivello\TemplatesV1Controller | B4: 0 | D4: Lanciando la chiamata POST /v1/riskaudit/{abi}/templates/{template}/export con request body SearchParameters, si ottiene 200 OK con response body una stringa | E4: Tecnico | F4: 0 | G4: Tecnico | H4: Integration | I4: Coratti Giorgia | J4: 0 | K4: 0 | M4: TC0003
A5: PRO240081\TestTecnici\ModernizzazionePortali\RiskEdq\ControlliSecondoLivello\TemplatesV1Controller | B5: 0 | D5: Lanciando la chiamata POST /v1/riskaudit/{abi}/templates/templateC/traded-instruments/search con parametro di query non obbligatorio e request body SearchParameters, si ottiene 200 OK con response body ListResultTemplateCTradedInstrumentsSearchDTO | E5: Tecnico | F5: 0 | G5: Tecnico | H5: Integration | I5: Coratti Giorgia | J5: 0 | K5: 0 | M5: TC0004
A6: PRO240081\TestTecnici\ModernizzazionePortali\RiskEdq\ControlliSecondoLivello\TemplatesV1Controller | B6: 0 | D6: Lanciando la chiamata POST /v1/riskaudit/{abi}/templates/templateC/held-instruments/search con parametro di query non obbligatorio e request body SearchParameters, si ottiene 200 OK con response body ListResultTemplateCHeldInstrumentsSearchDTO | E6: Tecnico | F6: 0 | G6: Tecnico | H6: Integration | I6: Coratti Giorgia | J6: 0 | K6: 0 | M6: TC0005
A7: PRO240081\TestTecnici\ModernizzazionePortali\RiskEdq\ControlliSecondoLivello\TemplatesV1Controller | B7: 0 | D7: Lanciando la chiamata POST /v1/riskaudit/{abi}/templates/templateB/search con parametro di query non obbligatorio e request body SearchParameters, si ottiene 200 OK con response body ListResultTemplateBSearchDTO | E7: Tecnico | F7: 0 | G7: Tecnico | H7: Integration | I7: Coratti Giorgia | J7: 0 | K7: 0 | M7: TC0006
A8: PRO240081\TestTecnici\ModernizzazionePortali\RiskEdq\ControlliSecondoLivello\TemplatesV1Controller | B8: 0 | D8: Lanciando la chiamata POST /v1/riskaudit/{abi}/templates/templateA/search con parametro di query non obbligatorio e request body SearchParameters, si ottiene 200 OK con response body ListResultTemplateASearchDTO | E8: Tecnico | F8: 0 | G8: Tecnico | H8: Integration | I8: Coratti Giorgia | J8: 0 | K8: 0 | M8: TC0007
A9: PRO240081\TestTecnici\ModernizzazionePortali\RiskEdq\ControlliSecondoLivello\TemplatesV1Controller | B9: 0 | D9: Lanciando la chiamata GET /v1/riskaudit/{abi}/templates/templateB/waivers con parametro di query non obbligatorio, si ottiene 200 OK con response body un array di stringhe | E9: Tecnico | F9: 0 | G9: Tecnico | H9: Integration | I9: Coratti Giorgia | J9: 0 | K9: 0 | M9: TC0008
A10: PRO240081\TestTecnici\ModernizzazionePortali\RiskEdq\ControlliSecondoLivello\SummariesV1Controller | B10: 0 | D10: Lanciando la chiamata PUT /v1/riskaudit/summaries/{summaryId}/answers con query parameters non obbligatorio, header e request body SummaryUpdateDTO, si ottiene 200 OK con response body SummaryUpdateDTO | E10: Tecnico | F10: 0 | G10: Tecnico | H10: Integration | I10: Coratti Giorgia | J10: 0 | K10: 0 | M10: TC0009
A11: PRO240081\TestTecnici\ModernizzazionePortali\RiskEdq\ControlliSecondoLivello\SummariesV1Controller | B11: 0 | D11: Lanciando la chiamata PUT /v1/riskaudit/summaries/{subSectionId}/questions con request body SubSectionQuestionsUpdateDTO, si ottiene 200 OK con response body GenericResponse | E11: Tecnico | F11: 0 | G11: Tecnico | H11: Integration | I11: Coratti Giorgia | J11: 0 | K11: 0 | M11: TC0010
A12: PRO240081\TestTecnici\ModernizzazionePortali\RiskEdq\ControlliSecondoLivello\SummariesV1Controller | B12: 0 | D12: Lanciando la chiamata PUT /v1/riskaudit/summaries/{subSectionId}/answers/{questionId} con request body SubSectionAnswerUpdateDTO, si ottiene 200 OK con response body GenericResponse | E12: Tecnico | F12: 0 | G12: Tecnico | H12: Integration | I12: Coratti Giorgia | J12: 0 | K12: 0 | M12: TC0011
A13: PRO240081\TestTecnici\ModernizzazionePortali\RiskEdq\ControlliSecondoLivello\SummariesV1Controller | B13: 0 | D13: Lanciando la chiamata PUT /v1/riskaudit/summaries/{id}/note con parametro di query obbligatorio e request body NoteUpdateDTO, si ottiene 200 OK con response body GenericResponse | E13: Tecnico | F13: 0 | G13: Tecnico | H13: Integration | I13: Coratti Giorgia | J13: 0 | K13: 0 | M13: TC0012
A14: PRO240081\TestTecnici\ModernizzazionePortali\RiskEdq\ControlliSecondoLivello\SummariesV1Controller | B14: 0 | D14: Lanciando la chiamata PUT /v1/riskaudit/summaries/state con query parameter non obbligatorio, header e request body StateUpdateDTO, si ottiene 200 OK con response body GenericResponse | E14: Tecnico | F14: 0 | G14: Tecnico | H14: Integration | I14: Coratti Giorgia | J14: 0 | K14: 0 | M14: TC0013
... A33: PRO240081\TestTecnici\ModernizzazionePortali\RiskEdq\ControlliSecondoLivello\LegalEntitiesV1Controller | B33: 0 | D33: Lanciando la chiamata POST /v1/riskaudit/legalEntities/search con request body SearchParameters, si ottiene 200 OK con response body ListResultLegalEntityDTO | E33: Tecnico | F33: 0 | G33: Tecnico | H33: Integration | I33: Coratti Giorgia | J33: 0 | K33: 0 | M33: TC0032

Sheet PTA
A1: Istanza di servizio applicativo | B1: TOTALI | C1: DONE | D1: DRAFT
A2: {=ISA[Istanza Servizio Applicativo]} -> ID001 | B2: {=COUNTIF(Funzionalità!C:C,_xlfn.ANCHORARRAY(A2))} -> 0 | C2: {=COUNTIFS(Funzionalità!$C:$C,_xlfn.ANCHORARRAY($A$2),Funzionalità!$K:$K,C$1)} -> 0 | D2: {=COUNTIFS(Funzionalità!$C:$C,_xlfn.ANCHORARRAY($A$2),Funzionalità!$K:$K,D$1)} -> 0
A3: ID002 | B3: 0 | C3: 0 | D3: 0
A4: 0 | B4: 0 | C4: 0 | D4: 0
A5: 0 | B5: 0 | C5: 0 | D5: 0
A6: 0 | B6: 0 | C6: 0 | D6: 0
A7: 0 | B7: 0 | C7: 0 | D7: 0
A8: 0 | B8: 0 | C8: 0 | D8: 0
A9: 0 | B9: 0 | C9: 0 | D9: 0
A10: 0 | B10: 0 | C10: 0 | D10: 0
A11: 0 | B11: 0 | C11: 0 | D11: 0
A12: 0 | B12: 0 | C12: 0 | D12: 0
A13: 0 | B13: 0 | C13: 0 | D13: 0
A14: 0 | B14: 0 | C14: 0 | D14: 0
A15: 0 | B15: 0 | C15: 0 | D15: 0
A16: TOTALE COMPLESSIVO | B16: =SUM(_xlfn.ANCHORARRAY(B2)) -> 0 | C16: =SUM(_xlfn.ANCHORARRAY(C2)) -> 0 | D16: =SUM(_xlfn.ANCHORARRAY(D2)) -> 0

Sheet Data Validation
A1: Istanza Servizio Applicativo | B1: Positivo/Negativo | C1: Priorità | D1: Stato progettazione | E1: Autore | H1: • Pieno ▹ "" ▪ ""
A2: ID001 | B2: Positivo | C2: Urgent | D2: Draft | E2: Andrea Mazzoni | H2: =INDIRETTO(CODICE.CARATT(64+RIF.COLONNA())&(RIF.RIGA()-1))
A3: ID002 | B3: Negativo | C3: High | D3: Done
C4: Medium
C5: Low
